{"id":"appsec-268","displayName":"Msoft_tput_smartNIC_passthru","createdOn":1722880887,"lastModified":1723768784,"lastAccessed":1722899378,"tags":{"Application":"CyPerf","category":"CyPerf"},"type":"appsec","ownerId":"f895462f-a94f-479d-8d0a-e062fb1eb9f8","owner":"admin@example.org","readonly":false,"configUrl":"http://wap-appsec-resource-service.keysight-wap.svc.cluster.local./api/v2/resources/configs/appsec-268","configData":null,"application":"","encodedFiles":true,"linkedResources":[{"rel":"child","type":"child","method":"POST","name":"Secured_RSAdes3_key_2048.pem","href":"http://wap-appsec-resource-service.keysight-wap.svc.cluster.local./api/v2/resources/tls-keys","contentType":"multipart/form-data","referencesCount":4},{"rel":"child","type":"child","method":"GET","name":"Secured_RSAdes3_cert_2048.pem","href":"http://wap-appsec-resource-service.keysight-wap.svc.cluster.local./api/v2/resources/tls-certificates/Secured_RSAdes3_cert_2048.pem/contentFile","contentType":"multipart/form-data","referencesCount":4},{"rel":"child","type":"child","method":"POST","name":"Secured_RSAdes3_cert_2048.pem","href":"http://wap-appsec-resource-service.keysight-wap.svc.cluster.local./api/v2/resources/tls-certificates","contentType":"multipart/form-data","referencesCount":4},{"rel":"child","type":"child","method":"GET","name":"Secured_RSAdes3_key_2048.pem","href":"http://wap-appsec-resource-service.keysight-wap.svc.cluster.local./api/v2/resources/tls-keys/Secured_RSAdes3_key_2048.pem/contentFile","contentType":"multipart/form-data","referencesCount":4},{"rel":"child","type":"child","method":"GET","name":"configUrl","href":"http://wap-appsec-resource-service.keysight-wap.svc.cluster.local./api/v2/resources/configs/appsec-268","contentType":"application/json"}],"version":{"dataModelVersion":"1.0.13291-releasecyperf40","configServiceVersion":"1.0.13291-releasecyperf40"}}